{
  "capture_000.ply": [
    [
      1.0,
      0.0,
      0.0,
      0.0
    ],
    [
      0.0,
      1.0,
      0.0,
      0.0
    ],
    [
      0.0,
      0.0,
      1.0,
      0.0
    ],
    [
      0.0,
      0.0,
      0.0,
      1.0
    ]
  ],
  "capture_001.ply": [
    [
      0.8859095543720827,
      -0.4638578942976498,
      0.0003396616085688735,
      -0.00299210983790891
    ],
    [
      0.4638576642303702,
      0.8859095451575988,
      0.0005874805542840768,
      0.019123920308485063
    ],
    [
      -0.000573416954005777,
      -0.000362899995668583,
      0.9999997697482684,
      0.0017253037498133365
    ],
    [
      0.0,
      0.0,
      0.0,
      1.0
    ]
  ],
  "capture_002.ply": [
    [
      0.5995454606560782,
      -0.8003407004887233,
      -6.12201932448529e-05,
      -0.010955727416964042
    ],
    [
      0.8003398865136776,
      0.5995447381376664,
      0.0014741189609232433,
      0.02727701791261255
    ],
    [
      -0.0011430931570612925,
      -0.0009327982940025168,
      0.9999989116120961,
      0.0016053919709792975
    ],
    [
      0.0,
      0.0,
      0.0,
      1.0
    ]
  ],
  "capture_003.ply": [
    [
      0.7837547788711126,
      0.6210703933026244,
      0.00011471537147591274,
      -0.007918853009735773
    ],
    [
      -0.6210703061245663,
      0.7837545384772475,
      0.0007058800547118923,
      -0.021421013361403028
    ],
    [
      0.00034849251017703793,
      -0.000624483177069995,
      0.9999997442868346,
      0.0026086268533794094
    ],
    [
      0.0,
      0.0,
      0.0,
      1.0
    ]
  ],
  "capture_004.ply": [
    [
      0.5970139252743335,
      0.8022306683008917,
      -0.0005725958760901446,
      -0.014464028351768387
    ],
    [
      -0.8022285765792784,
      0.5970137721648315,
      0.0019664091906175414,
      -0.023655213500503324
    ],
    [
      0.001919361383052767,
      -0.0007146208949551558,
      0.9999979026822288,
      -0.004398519029403589
    ],
    [
      0.0,
      0.0,
      0.0,
      1.0
    ]
  ],
  "capture_005.ply": [
    [
      0.9955786163299462,
      -0.09378925007564154,
      -0.0051764154391399225,
      1.0026058236443778
    ],
    [
      0.09382775633235822,
      0.9955580591747265,
      0.0077783644738790856,
      0.09932491785190385
    ],
    [
      0.004423895137252095,
      -0.008229664786713234,
      0.9999563499319924,
      -0.5769609733034478
    ],
    [
      0.0,
      0.0,
      0.0,
      1.0
    ]
  ],
  "capture_006.ply": [
    [
      0.9529795033488349,
      0.3029746431782315,
      -0.006035875084209475,
      1.0013442140958815
    ],
    [
      -0.30292811827668126,
      0.9529835218306585,
      0.007547335727460475,
      0.07722542093622745
    ],
    [
      0.008038740844053531,
      -0.005364019971749519,
      0.999953301877335,
      -0.5803878896508248
    ],
    [
      0.0,
      0.0,
      0.0,
      1.0
    ]
  ],
  "capture_007.ply": [
    [
      0.7544235768909966,
      -0.6563714797707096,
      -0.004641893428642404,
      1.004158560934459
    ],
    [
      0.6563847338240736,
      0.7543791379146348,
      0.008437860029180119,
      0.10690679325820018
    ],
    [
      -0.0020366231104602174,
      -0.009412588527118803,
      0.999953626596516,
      -0.5749398577488535
    ],
    [
      0.0,
      0.0,
      0.0,
      1.0
    ]
  ],
  "capture_008.ply": [
    [
      -0.9484470801867712,
      0.31487386576382975,
      -0.03609133890744563,
      14.936789275193453
    ],
    [
      -0.3153272516049705,
      -0.9489533775592337,
      0.007497440508613368,
      3.0666984922240186
    ],
    [
      -0.031888249880574086,
      0.018491508263696745,
      0.9993203708729688,
      -0.34077987349298544
    ],
    [
      0.0,
      0.0,
      0.0,
      1.0
    ]
  ],
  "capture_009.ply": [
    [
      -0.7849791306878452,
      0.6184840980918859,
      -0.035849474082932195,
      14.94162151250342
    ],
    [
      -0.6190657327478012,
      -0.7853073149994658,
      0.007073863566629104,
      3.0540737116127747
    ],
    [
      -0.02377778210817877,
      0.027746016214910636,
      0.9993321648292013,
      -0.34390738605621346
    ],
    [
      0.0,
      0.0,
      0.0,
      1.0
    ]
  ],
  "capture_010.ply": [
    [
      -0.4896747873018238,
      0.8711742632207877,
      -0.03569321759987985,
      14.949281571715034
    ],
    [
      -0.8718228212722365,
      -0.4897806796280379,
      0.006313016079182693,
      3.049935336600247
    ],
    [
      -0.01198211124269763,
      0.03420948647401787,
      0.9993428541023103,
      -0.344744204875431
    ],
    [
      0.0,
      0.0,
      0.0,
      1.0
    ]
  ],
  "capture_011.ply": [
    [
      -0.011005796619826248,
      0.9992895299489462,
      -0.036045912045307445,
      14.968167763832874
    ],
    [
      -0.999918656811336,
      -0.010766031240563839,
      0.006839030043874127,
      3.054448148006381
    ],
    [
      0.006446099702675304,
      0.03611824892962315,
      0.9993267333024177,
      -0.3449523300952782
    ],
    [
      0.0,
      0.0,
      0.0,
      1.0
    ]
  ],
  "capture_013.ply": [
    [
      -0.9345039177288077,
      -0.3542147748248308,
      -0.03513290544924154,
      14.94082895052571
    ],
    [
      0.3541930116567459,
      -0.9351457675665396,
      0.007050099000169138,
      3.0873745201956746
    ],
    [
      -0.0353516370630113,
      -0.0058554844532845585,
      0.9993577813069664,
      -0.34580638710177186
    ],
    [
      0.0,
      0.0,
      0.0,
      1.0
    ]
  ],
  "capture_014.ply": [
    [
      -0.7377540118392603,
      -0.6741588279577417,
      -0.03505556591642673,
      14.949167905268997
    ],
    [
      0.6743703219548468,
      -0.7383584585246292,
      0.007173255303507296,
      3.105011413643164
    ],
    [
      -0.030719487000815535,
      -0.018348335395260307,
      0.9993596208105613,
      -0.3468610485330382
    ],
    [
      0.0,
      0.0,
      0.0,
      1.0
    ]
  ],
  "capture_015.ply": [
    [
      -0.4099649101315303,
      -0.9114325276144171,
      -0.03492162749990267,
      14.966454015315584
    ],
    [
      0.9118585474186885,
      -0.41043855870421575,
      0.007360640480802898,
      3.111052684765443
    ],
    [
      -0.021041909616944732,
      -0.02882598021233491,
      0.9993629475343128,
      -0.34437223400478617
    ],
    [
      0.0,
      0.0,
      0.0,
      1.0
    ]
  ],
  "capture_016.ply": [
    [
      -0.0315797823721496,
      -0.9989123251795435,
      -0.034305742226730634,
      14.976544528276278
    ],
    [
      0.9994640354798594,
      -0.03185612054124152,
      0.007538525477683705,
      3.115057975341535
    ],
    [
      -0.008623173872969753,
      -0.03404929057206784,
      0.9993829529684278,
      -0.34208434871516563
    ],
    [
      0.0,
      0.0,
      0.0,
      1.0
    ]
  ],
  "capture_017.ply": [
    [
      0.5302048646836479,
      -0.8471936393322547,
      -0.03384876571995062,
      15.002615808348054
    ],
    [
      0.8477780242620792,
      0.5303116110280236,
      0.006482035725590757,
      3.1107679661903735
    ],
    [
      0.01245885404361223,
      -0.03213304660053117,
      0.99940594568578,
      -0.3443413269384861
    ],
    [
      0.0,
      0.0,
      0.0,
      1.0
    ]
  ],
  "capture_018.ply": [
    [
      0.9869313900871658,
      -0.15751826643116332,
      -0.03397685978922583,
      15.030652757860203
    ],
    [
      0.15783581064974653,
      0.9874415507049041,
      0.006858630915229469,
      3.0952974484600233
    ],
    [
      0.03246980346649813,
      -0.012131763351427459,
      0.9993990855413228,
      -0.33848233851950943
    ],
    [
      0.0,
      0.0,
      0.0,
      1.0
    ]
  ],